interval,perturbation_density,recovery_beta,gamma,decay,structural_reachable,effective_reachable,accessible_fraction,effective_edges,structural_edges,edge_fraction,weighted_mean_path_cost,weighted_max_path_cost,weighted_efficiency,mean_r,min_r,mean_D,max_D,regime
4,0.25,0.012,0.16799999999999998,0.004,144,128,0.8888888888888888,228,264,0.8636363636363636,13.12698809584902,64.09527381502213,0.1054366243637868,0.8888888888888888,0.0,0.20072501558741018,9.23810359041086,trapped
4,0.25,0.018000000000000002,0.16199999999999998,0.006000000000000001,144,128,0.8888888888888888,228,264,0.8636363636363636,13.118210782754481,64.01627799717129,0.1054913327890286,0.8888888888888888,0.0,0.15743963521973545,7.245951159301541,fragile
4,0.25,0.024,0.156,0.008,144,128,0.8888888888888888,228,264,0.8636363636363636,13.111262468664517,63.953743170361605,0.10553550848210685,0.8888888888888888,0.0,0.1234441357647511,5.681353220903875,fragile
4,0.25,0.030000000000000002,0.15,0.01,144,128,0.8888888888888888,228,264,0.8636363636363636,13.10577321062427,63.90433984799938,0.10557096698405052,0.8888888888888888,0.0,0.09675426460615914,4.452987170682199,fragile
4,0.25,0.036000000000000004,0.144,0.012000000000000002,144,128,0.8888888888888888,228,264,0.8636363636363636,12.43776287452638,54.022674637308725,0.10662431212072285,0.8948807464100264,0.0,0.0758075517020651,3.488942389714924,strained
4,0.25,0.041999999999999996,0.138,0.013999999999999999,144,128,0.8888888888888888,228,264,0.8636363636363636,11.980549001169967,48.381474667166714,0.1081431579210274,0.9070017709072159,0.0,0.05937408794100702,2.7326139364344906,strained
4,0.25,0.048,0.132,0.016,144,135,0.9375,243,264,0.9204545454545454,11.646364786315978,41.082854655760535,0.10926957273584731,0.9186332031981751,0.0,0.04648608476127493,2.139460621191317,healthy
4,0.25,0.054000000000000006,0.126,0.018000000000000002,144,135,0.9375,243,264,0.9204545454545454,11.31322892252179,31.905224311397113,0.11050734208264064,0.9331385205494769,0.0,0.03638228104228943,1.674446406894148,healthy
4,0.25,0.06,0.12,0.02,144,135,0.9375,243,264,0.9204545454545454,11.117068098313053,28.74578241483766,0.11162578908098893,0.9450492790903452,0.0,0.028464083203213326,1.310021815008151,healthy
6,0.16666666666666666,0.012,0.16799999999999998,0.004,144,128,0.8888888888888888,228,264,0.8636363636363636,13.127656000991362,64.10128496130321,0.10543251024048433,0.8888888888888888,0.0,0.2040345213624456,9.390419220295703,trapped
6,0.16666666666666666,0.018000000000000002,0.16199999999999998,0.006000000000000001,144,128,0.8888888888888888,228,264,0.8636363636363636,13.119015537926321,64.02352079371784,0.10548626645448174,0.8888888888888888,0.0,0.16139236568904514,7.42787035573849,fragile
6,0.16666666666666666,0.024,0.156,0.008,144,128,0.8888888888888888,228,264,0.8636363636363636,13.11212250123032,63.96148346345383,0.1055299981265622,0.8888888888888888,0.0,0.1276391034404408,5.874421064655368,fragile
6,0.16666666666666666,0.030000000000000002,0.15,0.01,144,128,0.8888888888888888,228,264,0.8636363636363636,13.106633321525907,63.91208084611412,0.10556537782367842,0.8888888888888888,0.0,0.10092661238757486,4.64501396369123,fragile
6,0.16666666666666666,0.036000000000000004,0.144,0.012000000000000002,144,128,0.8888888888888888,228,264,0.8636363636363636,12.535827149278527,55.34991726365152,0.10640236676326077,0.8935722989669923,0.0,0.07979001795770942,3.6722301364229915,strained
6,0.16666666666666666,0.041999999999999996,0.138,0.013999999999999999,144,128,0.8888888888888888,228,264,0.8636363636363636,12.02089940820726,48.826641247400005,0.10796596375939631,0.9053965745396059,0.0,0.06306842935372185,2.9026411179949374,strained
6,0.16666666666666666,0.048,0.132,0.016,144,135,0.9375,243,264,0.9204545454545454,11.737648341592338,43.65882153763272,0.10902701440980825,0.916286748438469,0.0,0.04984202459848929,2.2939133174267408,healthy
6,0.16666666666666666,0.054000000000000006,0.126,0.018000000000000002,144,135,0.9375,243,264,0.9204545454545454,11.357030861624038,33.026683908139354,0.11028970765916259,0.9304219321777184,0.0,0.039382121849184076,1.8125101158331391,healthy
6,0.16666666666666666,0.06,0.12,0.02,144,135,0.9375,243,264,0.9204545454545454,11.157225135580285,29.35477862710339,0.11138107767970097,0.9426761507548171,0.0,0.031111563941194638,1.4318686174085133,healthy
8,0.125,0.012,0.16799999999999998,0.004,144,128,0.8888888888888888,228,264,0.8636363636363636,13.128339826258626,64.1074393887086,0.10542830511169815,0.8888888888888888,0.0,0.20742522838496524,9.54647203029102,trapped
8,0.125,0.018000000000000002,0.16199999999999998,0.006000000000000001,144,128,0.8888888888888888,228,264,0.8636363636363636,13.119849553322675,64.03102693228503,0.1054810267495514,0.8888888888888888,0.0,0.16549219441132523,7.616559554882541,trapped
8,0.125,0.024,0.156,0.008,144,128,0.8888888888888888,228,264,0.8636363636363636,13.113024887667263,63.96960494138632,0.10552422940452227,0.8888888888888888,0.0,0.1320445526612813,6.077176043377471,fragile
8,0.125,0.030000000000000002,0.15,0.01,144,128,0.8888888888888888,228,264,0.8636363636363636,13.1075471722021,63.92030550219985,0.10555945303450326,0.8888888888888888,0.0,0.10536358409508911,4.8492197232064855,fragile
8,0.125,0.036000000000000004,0.144,0.012000000000000002,144,128,0.8888888888888888,228,264,0.8636363636363636,12.648924640268433,56.914603897580506,0.10617700172607296,0.8923264001879817,0.0,0.08407899937447137,3.86962483837104,strained
8,0.125,0.041999999999999996,0.138,0.013999999999999999,144,128,0.8888888888888888,228,264,0.8636363636363636,12.068301494748185,49.363016582789896,0.10777016819729426,0.903707152096334,0.0,0.0670982537298041,3.0881084596138457,strained
8,0.125,0.048,0.132,0.016,144,135,0.9375,243,264,0.9204545454545454,11.8258799347438,46.04839250631909,0.10879609945304392,0.9140720626705937,0.0,0.0535502080488454,2.4645775604777986,healthy
8,0.125,0.054000000000000006,0.126,0.018000000000000002,144,135,0.9375,243,264,0.9204545454545454,11.411758989416414,34.47879139563383,0.11004668800944162,0.9275324938867308,0.0,0.0427402240586972,1.9670623323961027,healthy
8,0.125,0.06,0.12,0.02,144,135,0.9375,243,264,0.9204545454545454,11.205395298878395,29.98456202542691,0.11109925329563548,0.9400698088433264,0.0,0.034114372479166925,1.5700689122485851,healthy
10,0.1,0.012,0.16799999999999998,0.004,144,128,0.8888888888888888,228,264,0.8636363636363636,13.12903998375417,64.11374080616848,0.10542400692672713,0.8888888888888888,0.0,0.2108993483907972,9.706363812615571,trapped
10,0.1,0.018000000000000002,0.16199999999999998,0.006000000000000001,144,128,0.8888888888888888,228,264,0.8636363636363636,13.120713988515869,64.03880684902377,0.10547560753116461,0.8888888888888888,0.0,0.16974519563340568,7.812298315917107,trapped
10,0.1,0.024,0.156,0.008,144,128,0.8888888888888888,228,264,0.8636363636363636,13.113971907879302,63.97812812329466,0.10551818961037572,0.8888888888888888,0.0,0.13667219662963723,6.290157241730374,fragile
10,0.1,0.030000000000000002,0.15,0.01,144,128,0.8888888888888888,228,264,0.8636363636363636,13.10851844096843,63.92904692109681,0.10555317126240253,0.8888888888888888,0.0,0.1100837857541145,5.066460766960282,fragile
10,0.1,0.036000000000000004,0.144,0.012000000000000002,144,128,0.8888888888888888,228,264,0.8636363636363636,12.776122068760928,58.70894501666547,0.10595577096590626,0.8911812172983535,0.0,0.08870063715220512,4.082329609737558,strained
10,0.1,0.041999999999999996,0.138,0.013999999999999999,144,128,0.8888888888888888,228,264,0.8636363636363636,12.124499579446217,50.01665264462447,0.10755413296985934,0.9019404224254615,0.0,0.0714973032864645,3.2905689022490225,strained
10,0.1,0.048,0.132,0.016,144,135,0.9375,243,264,0.9204545454545454,11.886241215731896,47.38556769649176,0.10859870763647027,0.912119034837516,0.0,0.0576515645765466,2.6533370748474048,healthy
10,0.1,0.054000000000000006,0.126,0.018000000000000002,144,135,0.9375,243,264,0.9204545454545454,11.481266044077769,36.37251478479815,0.10977648510005339,0.9245128683537485,0.0,0.04650393095745316,2.1402819687872157,healthy
10,0.1,0.06,0.12,0.02,144,135,0.9375,243,264,0.9204545454545454,11.262982415716342,30.794687540449413,0.11078182325943832,0.9371978741292443,0.0,0.037525252824844736,1.7270501727838283,healthy
12,0.08333333333333333,0.012,0.16799999999999998,0.004,144,128,0.8888888888888888,228,264,0.8636363636363636,13.129756896418773,64.1201930201499,0.1054196135950778,0.8888888888888888,0.0,0.2144591570469908,9.870199301838076,trapped
12,0.08333333333333333,0.018000000000000002,0.16199999999999998,0.006000000000000001,144,128,0.8888888888888888,228,264,0.8636363636363636,13.121610050135699,64.04687140360224,0.10547000245942652,0.8888888888888888,0.0,0.17415770969231714,8.015378444475449,trapped
12,0.08333333333333333,0.024,0.156,0.008,144,128,0.8888888888888888,228,264,0.8636363636363636,13.114965968233388,63.98707466648145,0.10551186545340184,0.8888888888888888,0.0,0.1415344397914935,6.513935557948444,fragile
12,0.08333333333333333,0.030000000000000002,0.15,0.01,144,128,0.8888888888888888,228,264,0.8636363636363636,13.109551066857493,63.93834055409839,0.10554650984761149,0.8888888888888888,0.0,0.11510721019174847,5.297657238399861,fragile
12,0.08333333333333333,0.036000000000000004,0.144,0.012000000000000002,144,128,0.8888888888888888,228,264,0.8636363636363636,12.898908960044537,60.63549554894572,0.10579298657661113,0.8901921357102547,0.0,0.09368343502314708,4.311656297131914,strained
12,0.08333333333333333,0.041999999999999996,0.138,0.013999999999999999,144,128,0.8888888888888888,228,264,0.8636363636363636,12.191703327418765,50.82172434365138,0.10731676746900971,0.900110689915398,0.0,0.07630291523342295,3.5117408416378386,strained
12,0.08333333333333333,0.048,0.132,0.016,144,135,0.9375,243,264,0.9204545454545454,11.921412178581683,47.74765732694059,0.10842147728147733,0.9103209548233716,0.0,0.0621920597285032,2.86230736409004,healthy
12,0.08333333333333333,0.054000000000000006,0.126,0.018000000000000002,144,135,0.9375,243,264,0.9204545454545454,11.569305620232075,38.826280141372926,0.10948174060741003,0.9214174192366905,0.0,0.0507272083540542,2.3346527300332234,healthy
12,0.08333333333333333,0.06,0.12,0.02,144,135,0.9375,243,264,0.9204545454545454,11.311345441437318,31.85740411085369,0.11051647568622222,0.9340598551676726,0.0,0.04140523349147053,1.9056211556889027,healthy
16,0.0625,0.012,0.16799999999999998,0.004,144,128,0.8888888888888888,228,264,0.8636363636363636,13.131242734822933,64.13356556578735,0.1054105329290148,0.8888888888888888,0.0,0.22184527419011424,10.210135582821303,trapped
16,0.0625,0.018000000000000002,0.16199999999999998,0.006000000000000001,144,128,0.8888888888888888,228,264,0.8636363636363636,13.12350212553912,64.06390008223303,0.10545820838998529,0.8888888888888888,0.0,0.1834880411806749,8.444794621478003,trapped
16,0.0625,0.024,0.156,0.008,144,128,0.8888888888888888,228,264,0.8636363636363636,13.11710550854911,64.00633052932295,0.10549830784744935,0.8888888888888888,0.0,0.15201605400199292,6.996338000852469,fragile
16,0.0625,0.030000000000000002,0.15,0.01,144,128,0.8888888888888888,228,264,0.8636363636363636,13.111817560320269,63.95873899526339,0.10553195054173896,0.8888888888888888,0.0,0.1261512837684623,5.805946130360979,fragile
16,0.0625,0.036000000000000004,0.144,0.012000000000000002,144,128,0.8888888888888888,228,264,0.8636363636363636,13.093179987011213,63.693451633006205,0.10557369524003375,0.888968175430888,0.0,0.10485968684660572,4.826028518229922,strained
16,0.0625,0.041999999999999996,0.138,0.013999999999999999,144,128,0.8888888888888888,228,264,0.8636363636363636,12.371566635948202,53.08481926934042,0.10677724132773728,0.8963508984714478,0.0,0.0873035748116158,4.018031661687298,strained
16,0.0625,0.048,0.132,0.016,144,128,0.8888888888888888,228,264,0.8636363636363636,12.013718269854616,48.73703266676026,0.10799526916995036,0.9063068569277052,0.0,0.07280344145376605,3.350682185377236,strained
16,0.0625,0.054000000000000006,0.126,0.018000000000000002,144,135,0.9375,243,264,0.9204545454545454,11.792630699594815,45.09352880485936,0.10887154936729534,0.9154797744837223,0.0,0.060807345822818756,2.798577736438199,healthy
16,0.0625,0.06,0.12,0.02,144,135,0.9375,243,264,0.9204545454545454,11.439248578367163,35.21463974109238,0.10993427928708302,0.9270912430765742,0.0,0.050866335721478584,2.341055883266344,healthy
20,0.05,0.012,0.16799999999999998,0.004,144,128,0.8888888888888888,228,264,0.8636363636363636,13.132800952088344,64.14758952117603,0.10540104558291719,0.8888888888888888,0.0,0.22960313807136845,10.567181016174988,trapped
20,0.05,0.018000000000000002,0.16199999999999998,0.006000000000000001,144,128,0.8888888888888888,228,264,0.8636363636363636,13.125536445014951,64.08220895751552,0.10544558974863585,0.8888888888888888,0.0,0.19353970679510077,8.90740924841173,trapped
20,0.05,0.024,0.156,0.008,144,128,0.8888888888888888,228,264,0.8636363636363636,13.11946555720227,64.02757096720137,0.10548343783896214,0.8888888888888888,0.0,0.16360412975349464,7.529663874025877,trapped
20,0.05,0.030000000000000002,0.15,0.01,144,128,0.8888888888888888,228,264,0.8636363636363636,13.114384101876668,63.98183786927095,0.10551556531431056,0.8888888888888888,0.0,0.1386877702763313,6.3829213553002395,fragile
20,0.05,0.036000000000000004,0.144,0.012000000000000002,144,128,0.8888888888888888,228,264,0.8636363636363636,13.110123051480848,63.94348841570857,0.1055428276004885,0.8888888888888888,0.0,0.11789198618542773,5.425822873512226,fragile
20,0.05,0.041999999999999996,0.138,0.013999999999999999,144,128,0.8888888888888888,228,264,0.8636363636363636,12.637358269799055,56.64834710989041,0.10617350072897737,0.8927344509957792,0.0,0.10048706393934292,4.6247843272112545,strained
20,0.05,0.048,0.132,0.016,144,128,0.8888888888888888,228,264,0.8636363636363636,12.140996235382723,50.18505701270073,0.10748886632683681,0.9020978061491972,0.0,0.08587935839897787,3.952483983354288,strained
20,0.05,0.054000000000000006,0.126,0.018000000000000002,144,135,0.9375,243,264,0.9204545454545454,11.921399494428893,47.74581496278118,0.10842131797567219,0.9111571292034546,0.0,0.07358497502545147,3.386651235241223,healthy
20,0.05,0.06,0.12,0.02,144,135,0.9375,243,264,0.9204545454545454,11.656315497299346,41.311749979738295,0.10923275930993219,0.9198189221580976,0.0,0.06320867155138722,2.9090955798166886,healthy
25,0.04,0.012,0.16799999999999998,0.004,144,128,0.8888888888888888,228,264,0.8636363636363636,13.134856317141557,64.16608780665496,0.10538858674251807,0.8888888888888888,0.0,0.23985490257879855,11.03900493023464,trapped
25,0.04,0.018000000000000002,0.16199999999999998,0.006000000000000001,144,128,0.8888888888888888,228,264,0.8636363636363636,13.128297047954687,64.10705438397315,0.10542856796444842,0.8888888888888888,0.0,0.20721304594236434,9.536706613762947,trapped
25,0.04,0.024,0.156,0.008,144,128,0.8888888888888888,228,264,0.8636363636363636,13.122763359870428,64.0572511912148,0.10546280676436788,0.8888888888888888,0.0,0.17984287071308444,8.277030467688984,trapped
25,0.04,0.030000000000000002,0.15,0.01,144,128,0.8888888888888888,228,264,0.8636363636363636,13.11808017975999,64.01510257022085,0.10549215597106561,0.8888888888888888,0.0,0.15679845199939024,7.2164415488892635,fragile
25,0.04,0.036000000000000004,0.144,0.012000000000000002,144,128,0.8888888888888888,228,264,0.8636363636363636,13.11410323058372,63.979310027634426,0.10551735322548159,0.8888888888888888,0.0,0.137314256575553,6.319707202278471,fragile
25,0.04,0.041999999999999996,0.138,0.013999999999999999,144,128,0.8888888888888888,228,264,0.8636363636363636,13.027718242019079,62.63569155347868,0.1056214099190078,0.8893981910209483,0.0,0.12076947682215347,5.558255577551215,strained
25,0.04,0.048,0.132,0.016,144,128,0.8888888888888888,228,264,0.8636363636363636,12.3159118820247,52.28943723192125,0.10691400331757368,0.8981435116616754,0.0,0.10665957518373707,4.908866000448727,strained
25,0.04,0.054000000000000006,0.126,0.018000000000000002,144,128,0.8888888888888888,228,264,0.8636363636363636,12.027394317493172,48.868164198489886,0.10793340266684574,0.9070073270812092,0.0,0.09457356085740193,4.352623162379286,strained
25,0.04,0.06,0.12,0.02,144,135,0.9375,243,264,0.9204545454545454,11.894224582142767,47.46835480933699,0.10855787985376786,0.9136634462915154,0.0,0.08417582613959913,3.8740811622824185,healthy
30,0.03333333333333333,0.012,0.16799999999999998,0.004,144,128,0.8888888888888888,228,264,0.8636363636363636,13.137038597613433,64.18572833090185,0.10537542704412028,0.8888888888888888,0.0,0.25076312537203826,11.541041469409036,trapped
30,0.03333333333333333,0.018000000000000002,0.16199999999999998,0.006000000000000001,144,128,0.8888888888888888,228,264,0.8636363636363636,13.131322649604895,64.134284798825,0.10541004547446094,0.8888888888888888,0.0,0.22224284636791566,10.228433316925077,trapped
30,0.03333333333333333,0.024,0.156,0.008,144,128,0.8888888888888888,228,264,0.8636363636363636,13.126498355569483,64.0908661525063,0.10543964537826528,0.8888888888888888,0.0,0.19829974555306298,9.12648374200058,trapped
30,0.03333333333333333,0.030000000000000002,0.15,0.01,144,128,0.8888888888888888,228,264,0.8636363636363636,13.122410331222902,64.05407393338706,0.10546500716136811,0.8888888888888888,0.0,0.17810193811268812,8.196906345345202,trapped
30,0.03333333333333333,0.036000000000000004,0.144,0.012000000000000002,144,128,0.8888888888888888,228,264,0.8636363636363636,13.11893124751361,64.02276218000344,0.10548679662242902,0.8888888888888888,0.0,0.16097820482683256,7.408809149356133,fragile
30,0.03333333333333333,0.041999999999999996,0.138,0.013999999999999999,144,128,0.8888888888888888,228,264,0.8636363636363636,13.049828853055333,62.950670188785644,0.1055711338646871,0.8893169675797314,0.0,0.14638584623194073,6.73721512838405,fragile
30,0.03333333333333333,0.048,0.132,0.016,144,128,0.8888888888888888,228,264,0.8636363636363636,12.2925115364938,51.907535138330886,0.1069648404201095,0.8996977419096063,0.0,0.13388510871614784,6.161885203563888,strained
30,0.03333333333333333,0.054000000000000006,0.126,0.018000000000000002,144,128,0.8888888888888888,228,264,0.8636363636363636,12.054957905278766,49.14278620430196,0.10781278130412127,0.9074261110856939,0.0,0.12311882103180907,5.666381040213736,strained
30,0.03333333333333333,0.06,0.12,0.02,144,135,0.9375,243,264,0.9204545454545454,11.934400173689456,47.87186184766219,0.10835662678876694,0.9132786733017938,0.0,0.11379616401576939,5.237318070658051,healthy
